{
  "name": "Slice Custom Search",
  "short_name": "Slice Search",
  "description" : "To use, type 'ss' into the url bar, plus keyword for custom-defined search engine followed by search terms for a custom Slice Search. (e.g. ss ng <search text>).",
  "version": "1.1",
  "manifest_version": 2,

  "icons": {
    "32": "icons/slice-optimized.svg",
    "48": "icons/slice-optimized.svg",
    "64": "icons/slice-optimized.svg",
    "96": "icons/slice-optimized.svg",
    "128": "icons/slice-optimized.svg"
  },

  "background": {
    "scripts": [
      "background.js"
    ]
  },

  "omnibox": {
    "keyword" : "ss"
  }
}
