{
	"name": "Slice Custom Search",
	"short_name": "Slice Search",
	"description": "To use, type 'ss' into the url bar, plus keyword for custom-defined search engine followed by search terms for a custom Slice Search. (e.g. ss ng <search text>).",
	"version": "1.2",
	"manifest_version": 2,

	"icons": {
		"32": "icons/slice-optimized.svg",
		"48": "icons/slice-optimized.svg",
		"64": "icons/slice-optimized.svg",
		"96": "icons/slice-optimized.svg",
		"128": "icons/slice-optimized.svg"
	},

	"background": {
		"scripts": ["background.js"]
	},

	"omnibox": {
		"keyword": "ss"
	},

	"options_ui": {
		"page": "options.html",
		"browser_style": true,
		"chrome_style": true
	},

	"permissions": ["storage"],

	"browser_specific_settings": {
		"gecko": {
			"id": "{74161e77-2f37-418e-8c81-71a7aa704af8}"
		}
	}
}
